EMEA,Americas,APAC
Albania,Antigua and Barbuda,Afghanistan
Algeria,Argentina,Australia
Andorra,Bahamas,Bangladesh
Angola,Barbados,Bhutan
Austria,Belize,Burma
Bahrain,Bolivia,Brunei
Belarus,Brazil,Cambodia
Belgium,Canada,China
Benin,Chile,Cook Islands
Bosnia and Herzegovina,Colombia,Federated States of Micronesia
Botswana,Costa Rica,Fiji
Bulgaria,Cuba,India
Burkina Faso,Dominica,Indonesia
Burundi,Dominican Republic,Japan
Cameroon,Ecuador,Kiribati
Cape Verde,El Salvador,Laos
Central African Republic,Grenada,Malaysia
Chad,Guatemala,Maldives
Comoros,Guyana,Marshall Islands
Croatia,Haiti,Mongolia
Cyprus,Honduras,Nepal
Czech Republic,Jamaica,New Caledonia
Democratic Republic of the Congo,Mexico,New Zealand
Denmark,Nicaragua,Niue
Djibouti,Panama,North Korea
Egypt,Paraguay,Pakistan
Equatorial Guinea,Peru,Palau
Eritrea,Saint Kitts and Nevis,Papua New Guinea
Estonia,Saint Lucia,Philippines
Ethiopia,Saint Vincent and the Grenadines,Singapore
Faroe Islands,Suriname,Solomon Islands
Finland,Trinidad and Tobago,South Korea
France,United States of America,Sri Lanka
Gabon,Uruguay,Taiwan
Gambia,Venezuela,Thailand
Georgia,Greenland,Timor-Leste
Germany,,Tonga
Ghana,,Tuvalu
Gibraltar,,Vanuatu
Greece,,Vietnam
Guernsey,,Hong Kong
Guinea,,Macau
Guinea-Bissau,,
Hungary,,
Iceland,,
Iran,,
Iraq,,
Ireland,,
Isle Of Man,,
Israel,,
Italy,,
Ivory Coast,,
Jersey,,
Jordan,,
Kenya,,
Kuwait,,
Latvia,,
Lebanon,,
Lesotho,,
Liberia,,
Libya,,
Liechtenstein,,
Lithuania,,
Luxembourg,,
Macedonia,,
Madagascar,,
Malawi,,
Mali,,
Malta,,
Mauritania,,
Mauritius,,
Moldova,,
Monaco,,
Montenegro,,
Morocco,,
Mozambique,,
Namibia,,
Netherlands,,
Niger,,
Nigeria,,
Norway,,
Oman,,
Palestine,,
Poland,,
Portugal,,
Qatar,,
Romania,,
Rwanda,,
San Marino,,
Sao Tome & Principe,,
Saudi Arabia,,
Senegal,,
Serbia,,
Slovakia,,
Slovenia,,
Somalia,,
South Africa,,
Spain,,
Sudan,,
Swaziland,,
Sweden,,
Switzerland,,
Syria,,
Tanzania,,
Togo,,
Tunisia,,
Turkey,,
Uganda,,
Ukraine,,
United Arab Emirates,,
United Kingdom,,
Vatican City,,
Western Sahara,,
Yemen,,
Zambia,,
Zimbabwe,,